<TICKER>,<DTYYYYMMDD>,<FIRST>,<HIGH>,<LOW>,<CLOSE>,<VALUE>,<VOL>,<OPENINT>,<PER>,<OPEN>,<LAST>
Ghiam.AGRI&Husb,20200413,22987.00,22987.00,22300.00,22510.00,49947566507,2218884,1621,D,23252.00,22378.00
Ghiam.AGRI&Husb,20200412,23550.00,23897.00,22700.00,23252.00,66399345097,2855582,2029,D,23257.00,22971.00
Ghiam.AGRI&Husb,20200411,22350.00,24000.00,22350.00,23257.00,56429090879,2426291,2163,D,23394.00,22953.00
Ghiam.AGRI&Husb,20200408,23930.00,23930.00,22901.00,23394.00,67003975442,2864188,2316,D,22797.00,23000.00
Ghiam.AGRI&Husb,20200407,21201.00,22876.00,21201.00,22797.00,53228722532,2334862,1085,D,21787.00,22876.00
Ghiam.AGRI&Husb,20200406,22101.00,23600.00,21299.00,21787.00,45629098940,2096063,2040,D,22419.00,21920.00
Ghiam.AGRI&Husb,20200405,23600.00,23600.00,22101.00,22419.00,60694806505,2707350,2571,D,23210.00,22300.00
Ghiam.AGRI&Husb,20200404,24119.00,24119.00,22557.00,23210.00,86064095427,3708068,3010,D,23196.00,22909.00
Ghiam.AGRI&Husb,20200330,23132.00,23710.00,23132.00,23196.00,105498670966,4548064,3146,D,24349.00,23410.00
Ghiam.AGRI&Husb,20200329,24900.00,25100.00,23343.00,24349.00,75019610711,3081074,3044,D,24221.00,23450.00
Ghiam.AGRI&Husb,20200328,24400.00,24409.00,23000.00,24221.00,52217401135,2155864,2188,D,23247.00,24409.00
Ghiam.AGRI&Husb,20200325,23472.00,23472.00,22570.00,23247.00,44424613290,1894381,1326,D,22355.00,23472.00
Ghiam.AGRI&Husb,20200324,22560.00,22570.00,21900.00,22355.00,53679638753,2401273,1918,D,21496.00,22570.00
Ghiam.AGRI&Husb,20200318,21100.00,21564.00,20980.00,21496.00,84418154434,3927166,2293,D,20538.00,21564.00
Ghiam.AGRI&Husb,20200317,20800.00,21840.00,19760.00,20538.00,77758502041,3786100,2563,D,18238.00,20979.00
Ghiam.AGRI&Husb,20200309,36502.00,36999.00,34715.00,35475.00,206394552714,5818048,5114,D,36542.00,36500.00
Ghiam.AGRI&Husb,20200307,37999.00,38000.00,35100.00,36542.00,152610256157,4176277,3909,D,36774.00,35399.00
Ghiam.AGRI&Husb,20200304,36774.00,36774.00,36744.00,36774.00,103520701864,2815076,1550,D,35023.00,36774.00
Ghiam.AGRI&Husb,20200303,35023.00,35023.00,35023.00,35023.00,102472114596,2925852,1509,D,33356.00,35023.00
Ghiam.AGRI&Husb,20200302,33356.00,33356.00,33038.00,33356.00,143188230657,4292778,1524,D,31768.00,33356.00
Ghiam.AGRI&Husb,20200301,31768.00,31768.00,31624.00,31768.00,180919112180,5695043,2369,D,30256.00,31768.00
Ghiam.AGRI&Husb,20200229,29000.00,30528.00,29000.00,30256.00,112873483664,3730640,1856,D,29075.00,30528.00
Ghiam.AGRI&Husb,20200226,30558.00,30558.00,28102.00,29075.00,70725943237,2432521,1822,D,29457.00,28749.00
Ghiam.AGRI&Husb,20200225,30000.00,30000.00,29009.00,29457.00,74702091666,2535939,1597,D,29223.00,29380.00
Ghiam.AGRI&Husb,20200224,30498.00,30498.00,28660.00,29223.00,55087026493,1885052,1422,D,29826.00,29400.00
Ghiam.AGRI&Husb,20200223,29995.00,30105.00,29005.00,29826.00,55171309597,1849764,1289,D,28672.00,29930.00
Ghiam.AGRI&Husb,20200222,28086.00,30000.00,28086.00,28672.00,53780607661,1875748,1328,D,29564.00,28990.00
Ghiam.AGRI&Husb,20200219,28600.00,30237.00,28600.00,29564.00,38621468771,1306359,1294,D,29635.00,29600.00
Ghiam.AGRI&Husb,20200218,29700.00,31000.00,29549.00,29635.00,57883422254,1953182,1414,D,31104.00,29549.00
Ghiam.AGRI&Husb,20200217,33490.00,33490.00,30329.00,31104.00,60506638547,1945286,1829,D,31925.00,30780.00
Ghiam.AGRI&Husb,20200216,31978.00,32009.00,31002.00,31925.00,70227447868,2199769,1331,D,30485.00,32009.00
Ghiam.AGRI&Husb,20200215,30616.00,30616.00,29700.00,30485.00,97552558753,3200060,2183,D,29159.00,30616.00
Ghiam.AGRI&Husb,20200212,28600.00,29170.00,28600.00,29159.00,82824557041,2840443,1747,D,27781.00,29170.00
Ghiam.AGRI&Husb,20200210,27200.00,28530.00,26855.00,27781.00,49166896274,1769781,999,D,28256.00,28000.00
Ghiam.AGRI&Husb,20200209,29200.00,29200.00,27760.00,28256.00,35577231948,1259116,926,D,29221.00,27906.00
Ghiam.AGRI&Husb,20200208,30030.00,30030.00,27800.00,29221.00,39385151331,1347818,1008,D,28607.00,28779.00
Ghiam.AGRI&Husb,20200205,28900.00,29551.00,27700.00,28607.00,36907041181,1290132,1060,D,28234.00,29445.00
Ghiam.AGRI&Husb,20200204,29000.00,29880.00,27369.00,28234.00,69387131828,2457573,1750,D,28705.00,27680.00
Ghiam.AGRI&Husb,20200203,28705.00,28705.00,28705.00,28705.00,40873881945,1423929,691,D,27339.00,28705.00
Ghiam.AGRI&Husb,20200202,27358.00,27369.00,27002.00,27339.00,47532984846,1738670,1023,D,26066.00,27369.00
Ghiam.AGRI&Husb,20200201,24700.00,26163.00,24700.00,26066.00,74242478926,2848288,1386,D,24918.00,26163.00
Ghiam.AGRI&Husb,20200128,25596.00,25596.00,24501.00,24918.00,31739989417,1273770,1123,D,25137.00,24670.00
Ghiam.AGRI&Husb,20200127,25648.00,25648.00,24400.00,25137.00,22305031569,887349,691,D,25648.00,25004.00
Ghiam.AGRI&Husb,20200126,25290.00,25879.00,24721.00,25648.00,54209736881,2113598,1268,D,24647.00,25327.00
Ghiam.AGRI&Husb,20200125,24950.00,24960.00,24360.00,24647.00,38829139806,1575380,1281,D,24290.00,24930.00
Ghiam.AGRI&Husb,20200122,24597.00,24618.00,23990.00,24290.00,17835527211,734267,645,D,24249.00,24292.00
Ghiam.AGRI&Husb,20200121,24690.00,24690.00,23600.00,24249.00,22202389810,915587,756,D,23539.00,24129.00
Ghiam.AGRI&Husb,20200120,23450.00,23663.00,23000.00,23539.00,29874941879,1269180,850,D,22537.00,23663.00
Ghiam.AGRI&Husb,20200119,22800.00,23098.00,21860.00,22537.00,33547458327,1488583,896,D,22727.00,22917.00
Ghiam.AGRI&Husb,20200118,22222.00,23199.00,22222.00,22727.00,22410032405,986058,831,D,22260.00,22516.00
Ghiam.AGRI&Husb,20200115,22400.00,22800.00,21771.00,22260.00,21305065813,957117,681,D,22523.00,22272.00
Ghiam.AGRI&Husb,20200114,23899.00,23899.00,21664.00,22523.00,35570969165,1579294,956,D,22804.00,22400.00
Ghiam.AGRI&Husb,20200113,22804.00,22804.00,22740.00,22804.00,28575721469,1253108,445,D,21719.00,22804.00
Ghiam.AGRI&Husb,20200112,21719.00,21719.00,21719.00,21719.00,10851941788,499652,108,D,20685.00,21719.00
Ghiam.AGRI&Husb,20200111,20685.00,20685.00,20685.00,20685.00,11988777780,579588,154,D,20280.00,20685.00
Ghiam.AGRI&Husb,20200108,20280.00,20280.00,20280.00,20280.00,1713457200,84490,47,D,20693.00,20280.00
Ghiam.AGRI&Husb,20200107,20680.00,21197.00,20680.00,20693.00,27571464401,1332379,510,D,21768.00,20680.00
Ghiam.AGRI&Husb,20200105,21764.00,22200.00,21764.00,21768.00,34634595030,1591072,571,D,22909.00,21764.00
Ghiam.AGRI&Husb,20200104,22909.00,22909.00,22909.00,22909.00,11305110411,493479,122,D,24114.00,22909.00
Ghiam.AGRI&Husb,20200101,24998.00,24999.00,23657.00,24114.00,28143442898,1167087,1001,D,24052.00,23699.00
Ghiam.AGRI&Husb,20191231,23843.00,24500.00,23000.00,24052.00,40231596914,1672698,1117,D,23527.00,24480.00
Ghiam.AGRI&Husb,20191230,24200.00,24200.00,23000.00,23527.00,54178992991,2302828,2223,D,24041.00,23559.00
Ghiam.AGRI&Husb,20191229,24800.00,24800.00,23800.00,24041.00,39460510620,1641417,1098,D,24893.00,23961.00
Ghiam.AGRI&Husb,20191228,25500.00,25500.00,24500.00,24893.00,21799018044,875716,739,D,24523.00,24760.00
Ghiam.AGRI&Husb,20191225,24500.00,24999.00,23750.00,24523.00,27425186032,1118334,650,D,24339.00,24906.00
Ghiam.AGRI&Husb,20191224,23152.00,24600.00,23152.00,24339.00,16740196682,687783,918,D,24015.00,24390.00
Ghiam.AGRI&Husb,20191223,25000.00,25000.00,22952.00,24015.00,39378220814,1639749,881,D,24160.00,23959.00
Ghiam.AGRI&Husb,20191222,25000.00,25000.00,23925.00,24160.00,34811543111,1440846,1056,D,24987.00,24150.00
Ghiam.AGRI&Husb,20191221,24800.00,26449.00,24800.00,24987.00,28266525074,1131227,742,D,25486.00,24902.00
Ghiam.AGRI&Husb,20191218,26500.00,26500.00,25250.00,25486.00,43097432787,1691032,1052,D,26156.00,25499.00
Ghiam.AGRI&Husb,20191217,26450.00,26458.00,25690.00,26156.00,41257407776,1577363,1041,D,25199.00,26120.00
Ghiam.AGRI&Husb,20191216,24000.00,25690.00,23850.00,25199.00,30682427592,1217606,751,D,24467.00,25690.00
Ghiam.AGRI&Husb,20191215,25421.00,25421.00,23500.00,24467.00,52560710491,2148195,1192,D,24211.00,23990.00
Ghiam.AGRI&Husb,20191214,24000.00,24377.00,23500.00,24211.00,38981750210,1610084,854,D,23217.00,24377.00
Ghiam.AGRI&Husb,20191211,21450.00,23529.00,21450.00,23217.00,52311325833,2253190,945,D,22409.00,23529.00
Ghiam.AGRI&Husb,20191210,22199.00,22479.00,21917.00,22409.00,60643575529,2706224,955,D,21409.00,21920.00
Ghiam.AGRI&Husb,20191209,20900.00,21535.00,20500.00,21409.00,48817736336,2280266,1218,D,20510.00,21500.00
Ghiam.AGRI&Husb,20191208,20874.00,21067.00,19954.00,20510.00,40635351660,1981262,971,D,20373.00,20796.00
Ghiam.AGRI&Husb,20191207,21058.00,21600.00,19800.00,20373.00,46857098893,2299925,1367,D,20692.00,20530.00
Ghiam.AGRI&Husb,20191204,20594.00,20729.00,20165.00,20692.00,64205557516,3102843,1144,D,19742.00,20725.00
Ghiam.AGRI&Husb,20191203,18510.00,20199.00,18510.00,19742.00,31276375181,1584230,929,D,19243.00,20000.00
Ghiam.AGRI&Husb,20191202,20400.00,20500.00,19054.00,19243.00,69093292715,3590640,1520,D,20056.00,19054.00
Ghiam.AGRI&Husb,20191201,20550.00,20550.00,19600.00,20056.00,41430068081,2065766,1284,D,20625.00,19997.00
Ghiam.AGRI&Husb,20191130,21137.00,21150.00,20112.00,20625.00,37827740207,1834110,1417,D,21137.00,20250.00
Ghiam.AGRI&Husb,20191127,21290.00,21785.00,20460.00,21137.00,53742848230,2542651,1355,D,20748.00,20750.00
Ghiam.AGRI&Husb,20191126,20096.00,20920.00,19700.00,20748.00,66048215952,3183390,875,D,19924.00,20920.00
Ghiam.AGRI&Husb,20191125,20770.00,20770.00,19012.00,19924.00,86779538062,4355458,2468,D,19956.00,19930.00
Ghiam.AGRI&Husb,20191124,19966.00,19966.00,19681.00,19956.00,50530304327,2532068,494,D,19016.00,19966.00
Ghiam.AGRI&Husb,20191123,19000.00,19023.00,18602.00,19016.00,83349795025,4383053,1167,D,18118.00,19023.00
Ghiam.AGRI&Husb,20191120,17500.00,18190.00,17500.00,18118.00,44550758992,2458956,940,D,17324.00,18184.00
Ghiam.AGRI&Husb,20191119,17449.00,17451.00,16700.00,17324.00,7161556470,413387,246,D,16697.00,17451.00
Ghiam.AGRI&Husb,20191118,16377.00,17350.00,16377.00,16697.00,14212984506,851236,361,D,17238.00,17000.00
Ghiam.AGRI&Husb,20191117,17217.00,17999.00,17216.00,17238.00,14807396646,858991,327,D,18122.00,17216.00
Ghiam.AGRI&Husb,20191116,17733.00,18550.00,17733.00,18122.00,21642740022,1194311,503,D,17733.00,18000.00
Ghiam.AGRI&Husb,20191113,17800.00,18244.00,17151.00,17733.00,18165408798,1024402,531,D,17707.00,18100.00
Ghiam.AGRI&Husb,20191112,17210.00,17980.00,17150.00,17707.00,18116710023,1023145,538,D,17130.00,17899.00
Ghiam.AGRI&Husb,20191111,17150.00,17300.00,16754.00,17130.00,16394649733,957077,537,D,17216.00,17090.00
Ghiam.AGRI&Husb,20191110,18660.00,18660.00,16886.00,17216.00,31566366782,1833596,913,D,17774.00,16888.00
Ghiam.AGRI&Husb,20191109,17580.00,18270.00,17002.00,17774.00,25379844513,1427915,869,D,17401.00,17420.00
Ghiam.AGRI&Husb,20191105,16100.00,17579.00,16100.00,17401.00,37093768304,2131697,880,D,16742.00,17579.00
Ghiam.AGRI&Husb,20191104,17150.00,17150.00,16050.00,16742.00,13305422242,794725,634,D,16428.00,16669.00
Ghiam.AGRI&Husb,20191103,16000.00,16546.00,15600.00,16428.00,18140118015,1104199,443,D,15759.00,16546.00
Ghiam.AGRI&Husb,20191102,16455.00,16455.00,15000.00,15759.00,17661451901,1120715,856,D,15672.00,16000.00
Ghiam.AGRI&Husb,20191030,15671.00,15672.00,15668.00,15672.00,10079942391,643194,279,D,14926.00,15672.00
Ghiam.AGRI&Husb,20191028,14650.00,14937.00,14650.00,14926.00,11480145173,769125,282,D,14226.00,14937.00
Ghiam.AGRI&Husb,20191026,14950.00,14950.00,13661.00,14226.00,7174898547,504358,396,D,14245.00,14330.00
Ghiam.AGRI&Husb,20191023,14110.00,14558.00,13999.00,14245.00,7034412484,493801,433,D,14020.00,14350.00
Ghiam.AGRI&Husb,20191022,14081.00,14081.00,13161.00,14020.00,17479675760,1246783,417,D,13411.00,14080.00
Ghiam.AGRI&Husb,20191021,13371.00,13800.00,13371.00,13411.00,13111137122,977635,439,D,14074.00,13498.00
Ghiam.AGRI&Husb,20191020,14050.00,14994.00,14050.00,14074.00,3295967680,234195,147,D,14789.00,14050.00
Ghiam.AGRI&Husb,20191016,14738.00,15334.00,14738.00,14789.00,17315015580,1170782,493,D,15513.00,14738.00
Ghiam.AGRI&Husb,20191015,16001.00,16200.00,15336.00,15513.00,11829746652,762585,250,D,16143.00,15336.00
Ghiam.AGRI&Husb,20191014,16290.00,16799.00,16100.00,16143.00,14280628059,884627,486,D,16947.00,16100.00
Ghiam.AGRI&Husb,20191013,16505.00,17500.00,16505.00,16947.00,11353111791,669918,550,D,16875.00,16700.00
Ghiam.AGRI&Husb,20191012,16445.00,17115.00,16445.00,16875.00,22487627754,1332569,596,D,16300.00,16700.00
Ghiam.AGRI&Husb,20191009,16298.00,16448.00,16298.00,16300.00,35610679192,2184665,733,D,17155.00,16445.00
Ghiam.AGRI&Husb,20191008,17151.00,17932.00,17115.00,17155.00,23111760038,1347208,499,D,18015.00,17115.00
Ghiam.AGRI&Husb,20191007,18050.00,18502.00,17588.00,18015.00,15253912750,846744,586,D,18321.00,17703.00
Ghiam.AGRI&Husb,20191006,19300.00,19300.00,18191.00,18321.00,17466199433,953359,596,D,19148.00,18375.00
Ghiam.AGRI&Husb,20191005,19200.00,19401.00,18666.00,19148.00,35151583509,1835803,968,D,18478.00,18896.00
Ghiam.AGRI&Husb,20191002,17013.00,18666.00,17013.00,18478.00,47977767571,2596540,1210,D,17778.00,18666.00
Ghiam.AGRI&Husb,20191001,18504.00,18540.00,17240.00,17778.00,23756566273,1336327,984,D,18147.00,17243.00
Ghiam.AGRI&Husb,20190930,18393.00,18752.00,17621.00,18147.00,41224273369,2271720,1100,D,18398.00,18399.00
Ghiam.AGRI&Husb,20190929,19499.00,19499.00,18273.00,18398.00,35930144992,1952919,1325,D,19234.00,18273.00
Ghiam.AGRI&Husb,20190928,19590.00,19590.00,18763.00,19234.00,39867353850,2072761,1248,D,18717.00,19000.00
Ghiam.AGRI&Husb,20190925,18699.00,18761.00,18108.00,18717.00,45277576088,2419105,1225,D,17868.00,18761.00
Ghiam.AGRI&Husb,20190924,17410.00,17936.00,17082.00,17868.00,55678476101,3116121,1336,D,17082.00,17918.00
Ghiam.AGRI&Husb,20190923,16600.00,17630.00,16600.00,17082.00,33866948351,1982629,1254,D,17259.00,16997.00
Ghiam.AGRI&Husb,20190922,18450.00,18450.00,17012.00,17259.00,50183317186,2907651,1921,D,17907.00,17020.00
Ghiam.AGRI&Husb,20190921,17641.00,18095.00,17631.00,17907.00,21898448393,1222908,833,D,17531.00,17920.00
Ghiam.AGRI&Husb,20190918,18095.00,18095.00,16400.00,17531.00,68315081572,3896838,1799,D,17234.00,17641.00
Ghiam.AGRI&Husb,20190917,17000.00,17384.00,16600.00,17234.00,39470268601,2290268,827,D,16557.00,17384.00
Ghiam.AGRI&Husb,20190916,15955.00,16686.00,15955.00,16557.00,69399155396,4191490,1510,D,15892.00,16686.00
Ghiam.AGRI&Husb,20190915,16385.00,16385.00,15500.00,15892.00,21077707164,1326336,847,D,15960.00,15801.00
Ghiam.AGRI&Husb,20190914,15780.00,16080.00,15511.00,15960.00,29196680671,1829388,1222,D,15319.00,16060.00
Ghiam.AGRI&Husb,20190911,15200.00,15580.00,14600.00,15319.00,26267999072,1714709,911,D,15230.00,15493.00
Ghiam.AGRI&Husb,20190908,15800.00,15800.00,15100.00,15230.00,25820732712,1695387,1380,D,15862.00,15180.00
Ghiam.AGRI&Husb,20190907,16130.00,16130.00,15605.00,15862.00,14441222382,910423,727,D,15527.00,15840.00
Ghiam.AGRI&Husb,20190904,15499.00,15700.00,15230.00,15527.00,11147437357,717925,671,D,14998.00,15670.00
Ghiam.AGRI&Husb,20190903,14820.00,15331.00,14480.00,14998.00,11431439525,762193,577,D,15037.00,15230.00
Ghiam.AGRI&Husb,20190902,15800.00,15989.00,14873.00,15037.00,22912614140,1523705,908,D,15655.00,14998.00
Ghiam.AGRI&Husb,20190901,15475.00,16290.00,15090.00,15655.00,21862117363,1396528,865,D,15816.00,15590.00
Ghiam.AGRI&Husb,20190831,15710.00,16249.00,15179.00,15816.00,14307810262,904620,724,D,15606.00,15445.00
Ghiam.AGRI&Husb,20190828,15720.00,16500.00,15179.00,15606.00,25537641546,1636407,1130,D,15977.00,15800.00
Ghiam.AGRI&Husb,20190827,16000.00,16499.00,15700.00,15977.00,23936550352,1498164,955,D,16458.00,15730.00
Ghiam.AGRI&Husb,20190826,15999.00,16635.00,15901.00,16458.00,18713999311,1137053,980,D,15843.00,16375.00
Ghiam.AGRI&Husb,20190825,16199.00,16293.00,15705.00,15843.00,53871318845,3400410,1772,D,16531.00,15900.00
Ghiam.AGRI&Husb,20190824,16794.00,16794.00,16152.00,16531.00,46866970570,2835033,1658,D,15995.00,16318.00
Ghiam.AGRI&Husb,20190821,15995.00,15995.00,15995.00,15995.00,15252144215,953557,426,D,15234.00,15995.00
Ghiam.AGRI&Husb,20190819,15229.00,15256.00,14799.00,15234.00,29650463242,1946324,772,D,14530.00,15256.00
Ghiam.AGRI&Husb,20190818,14190.00,14693.00,13800.00,14530.00,34867381172,2399620,1390,D,13994.00,14693.00
Ghiam.AGRI&Husb,20190817,13792.00,14091.00,13792.00,13994.00,15361427893,1097688,763,D,13805.00,13988.00
Ghiam.AGRI&Husb,20190814,13852.00,14120.00,13600.00,13805.00,22853817477,1655458,1304,D,14237.00,13792.00
Ghiam.AGRI&Husb,20190813,15090.00,15090.00,13797.00,14237.00,33857876986,2378216,1587,D,14522.00,14040.00
Ghiam.AGRI&Husb,20190811,14560.00,14561.00,13868.00,14522.00,42132921055,2901244,1601,D,13868.00,14561.00
Ghiam.AGRI&Husb,20190810,13970.00,13995.00,13645.00,13868.00,24692162848,1780576,1323,D,13329.00,13995.00
Ghiam.AGRI&Husb,20190807,13490.00,13490.00,13190.00,13329.00,24164755197,1812942,1128,D,12885.00,13456.00
Ghiam.AGRI&Husb,20190806,12500.00,13128.00,12350.00,12885.00,31436065926,2439729,1153,D,12503.00,13128.00
Ghiam.AGRI&Husb,20190805,12698.00,12698.00,12451.00,12503.00,17024708156,1361626,714,D,12462.00,12480.00
Ghiam.AGRI&Husb,20190804,12703.00,12703.00,12252.00,12462.00,22053324049,1769709,1063,D,12099.00,12450.00
Ghiam.AGRI&Husb,20190803,11511.00,12129.00,11511.00,12099.00,18737489373,1548657,653,D,11552.00,12129.00
Ghiam.AGRI&Husb,20190731,11780.00,11933.00,11300.00,11552.00,11884848331,1028844,600,D,11617.00,11820.00
Ghiam.AGRI&Husb,20190730,11519.00,11870.00,11344.00,11617.00,4664043453,401472,343,D,11941.00,11650.00
Ghiam.AGRI&Husb,20190729,12388.00,12388.00,11751.00,11941.00,3556869490,297858,317,D,12258.00,11870.00
Ghiam.AGRI&Husb,20190728,12242.00,12468.00,12103.00,12258.00,6956185274,567473,442,D,11925.00,12132.00
Ghiam.AGRI&Husb,20190727,11990.00,12054.00,11250.00,11925.00,12246911458,1026996,404,D,11480.00,12054.00
Ghiam.AGRI&Husb,20190724,11350.00,11910.00,11350.00,11480.00,3141887236,273686,261,D,11643.00,11480.00
Ghiam.AGRI&Husb,20190723,12076.00,12076.00,11500.00,11643.00,4345521105,373216,237,D,11923.00,11600.00
Ghiam.AGRI&Husb,20190722,11970.00,12110.00,11651.00,11923.00,5865481532,491945,445,D,11562.00,11750.00
Ghiam.AGRI&Husb,20190721,11840.00,11840.00,11401.00,11562.00,3935830503,340405,297,D,11421.00,11526.00
Ghiam.AGRI&Husb,20190720,11364.00,11741.00,11300.00,11421.00,7736777006,677431,479,D,11767.00,11302.00
Ghiam.AGRI&Husb,20190717,11289.00,12200.00,11282.00,11767.00,6541029099,555892,402,D,11875.00,11722.00
Ghiam.AGRI&Husb,20190716,12550.00,12550.00,11861.00,11875.00,10119859563,852180,461,D,12485.00,11861.00
Ghiam.AGRI&Husb,20190715,12880.00,12880.00,12300.00,12485.00,5942738410,475983,446,D,12610.00,12300.00
Ghiam.AGRI&Husb,20190714,12661.00,12669.00,12488.00,12610.00,7548071405,598585,517,D,12420.00,12593.00
Ghiam.AGRI&Husb,20190713,12499.00,12641.00,12022.00,12420.00,15400392282,1239992,837,D,12059.00,12560.00
Ghiam.AGRI&Husb,20190710,11900.00,12422.00,11540.00,12059.00,22227539689,1843193,1064,D,11889.00,12230.00
Ghiam.AGRI&Husb,20190709,12280.00,12280.00,11772.00,11889.00,7954038042,669042,450,D,11846.00,11977.00
Ghiam.AGRI&Husb,20190708,11790.00,12170.00,11500.00,11846.00,13581802183,1146502,661,D,11771.00,12169.00
Ghiam.AGRI&Husb,20190707,10677.00,11773.00,10677.00,11771.00,9024861374,766729,390,D,11213.00,11773.00
Ghiam.AGRI&Husb,20190701,12480.00,12480.00,11950.00,12063.00,9422473797,781083,669,D,12249.00,12100.00
Ghiam.AGRI&Husb,20190630,12890.00,12890.00,12100.00,12249.00,9350489406,763372,622,D,12450.00,12150.00
Ghiam.AGRI&Husb,20190626,12990.00,12990.00,12410.00,12450.00,20245381203,1626113,1069,D,13063.00,12660.00
Ghiam.AGRI&Husb,20190625,13250.00,13800.00,12950.00,13063.00,6347164133,485871,265,D,13249.00,13000.00
Ghiam.AGRI&Husb,20190624,13780.00,13780.00,13162.00,13249.00,14026891148,1058742,588,D,13272.00,13162.00
Ghiam.AGRI&Husb,20190623,13206.00,13866.00,12700.00,13272.00,7245951152,545973,373,D,12578.00,13338.00
Ghiam.AGRI&Husb,20190619,12910.00,13175.00,12525.00,12578.00,13526814693,1075392,650,D,13184.00,12530.00
Ghiam.AGRI&Husb,20190618,13002.00,13790.00,12520.00,13184.00,9132551926,692693,490,D,13176.00,13000.00
Ghiam.AGRI&Husb,20190617,13651.00,13651.00,13000.00,13176.00,5537349654,420254,409,D,13578.00,13201.00
Ghiam.AGRI&Husb,20190615,12998.00,13900.00,12902.00,13578.00,19718939139,1452222,727,D,13314.00,13820.00
Ghiam.AGRI&Husb,20190612,13964.00,13964.00,13063.00,13314.00,23218862527,1744007,1039,D,13750.00,13253.00
Ghiam.AGRI&Husb,20190611,14129.00,14130.00,13200.00,13750.00,18946312346,1377883,706,D,13671.00,13600.00
Ghiam.AGRI&Husb,20190610,13200.00,13750.00,13200.00,13671.00,31973913931,2338860,1022,D,13096.00,13750.00
Ghiam.AGRI&Husb,20190609,13390.00,13390.00,12950.00,13096.00,23217240228,1772883,1174,D,13174.00,13022.00
Ghiam.AGRI&Husb,20190608,13157.00,13551.00,12900.00,13174.00,15305955502,1161794,654,D,13157.00,13100.00
Ghiam.AGRI&Husb,20190603,13199.00,13550.00,12850.00,13157.00,16999548915,1292011,728,D,12961.00,13090.00
Ghiam.AGRI&Husb,20190602,12901.00,13299.00,12826.00,12961.00,17227768262,1329183,1040,D,12934.00,12860.00
Ghiam.AGRI&Husb,20190601,13140.00,13185.00,12685.00,12934.00,12312967990,951968,672,D,13254.00,12901.00
Ghiam.AGRI&Husb,20190529,13980.00,13980.00,13170.00,13254.00,31590748198,2383463,1084,D,13863.00,13200.00
Ghiam.AGRI&Husb,20190528,13980.00,14098.00,13600.00,13863.00,18923334419,1364998,620,D,13496.00,13789.00
Ghiam.AGRI&Husb,20190526,13501.00,13617.00,13200.00,13496.00,17156385662,1271264,762,D,12969.00,13617.00
Ghiam.AGRI&Husb,20190525,12360.00,13248.00,12360.00,12969.00,24630472056,1899185,927,D,12618.00,13248.00
Ghiam.AGRI&Husb,20190522,12980.00,12980.00,12501.00,12618.00,14658925945,1161747,778,D,12883.00,12551.00
Ghiam.AGRI&Husb,20190521,12411.00,13198.00,12411.00,12883.00,17117486725,1328733,827,D,12952.00,12800.00
Ghiam.AGRI&Husb,20190520,13499.00,13499.00,12866.00,12952.00,20798260003,1605756,886,D,13543.00,12900.00
Ghiam.AGRI&Husb,20190519,13959.00,13959.00,13332.00,13543.00,18110724203,1337269,811,D,13958.00,13460.00
Ghiam.AGRI&Husb,20190518,14550.00,14550.00,13690.00,13958.00,21038319240,1507247,915,D,14126.00,13749.00
Ghiam.AGRI&Husb,20190515,14560.00,14560.00,13700.00,14126.00,21673090401,1534318,896,D,13984.00,14162.00
Ghiam.AGRI&Husb,20190514,13950.00,14012.00,13788.00,13984.00,21352523764,1526942,774,D,13345.00,14012.00
Ghiam.AGRI&Husb,20190513,12550.00,13416.00,12550.00,13345.00,26106721538,1956248,925,D,12778.00,13416.00
Ghiam.AGRI&Husb,20190512,13158.00,13499.00,12384.00,12778.00,22379469657,1751372,874,D,13035.00,13040.00
Ghiam.AGRI&Husb,20190511,13010.00,13158.00,12532.00,13035.00,25359607057,1945570,945,D,12532.00,13100.00
Ghiam.AGRI&Husb,20190508,11600.00,12815.00,11600.00,12532.00,20369695703,1625455,776,D,12205.00,12813.00
Ghiam.AGRI&Husb,20190507,13250.00,13250.00,12060.00,12205.00,18418805274,1509109,566,D,12694.00,12060.00
Ghiam.AGRI&Husb,20190506,13449.00,13449.00,12245.00,12694.00,19031827818,1499265,810,D,12889.00,13001.00
Ghiam.AGRI&Husb,20190505,12729.00,13017.00,12250.00,12889.00,36266254441,2813710,1171,D,12398.00,13017.00
Ghiam.AGRI&Husb,20190504,12798.00,12798.00,12250.00,12398.00,29313333876,2364420,997,D,12342.00,12480.00
Ghiam.AGRI&Husb,20190501,12010.00,12550.00,12010.00,12342.00,18340215739,1486060,682,D,12492.00,12291.00
Ghiam.AGRI&Husb,20190430,13099.00,13160.00,11923.00,12492.00,24924325248,1995186,821,D,12550.00,12379.00
Ghiam.AGRI&Husb,20190429,12596.00,12597.00,12051.00,12550.00,18251424497,1454321,808,D,11998.00,12597.00
Ghiam.AGRI&Husb,20190428,11686.00,12000.00,11686.00,11998.00,15921203044,1327005,366,D,11429.00,12000.00
Ghiam.AGRI&Husb,20190427,11350.00,11540.00,10900.00,11429.00,20701979192,1811414,772,D,10991.00,11540.00
Ghiam.AGRI&Husb,20190424,11499.00,11499.00,10921.00,10991.00,27013761559,2457890,1190,D,11495.00,10990.00
Ghiam.AGRI&Husb,20190423,10960.00,11800.00,10960.00,11495.00,14257532268,1240355,550,D,11449.00,11381.00
Ghiam.AGRI&Husb,20190422,11803.00,11803.00,10710.00,11449.00,40873656828,3569924,1242,D,11241.00,11183.00
Ghiam.AGRI&Husb,20190420,10584.00,11698.00,10584.00,11241.00,21591635162,1920719,480,D,11141.00,11698.00
Ghiam.AGRI&Husb,20190417,11141.00,11141.00,11141.00,11141.00,6096923391,547251,190,D,11727.00,11141.00
Ghiam.AGRI&Husb,20190416,11685.00,12035.00,11685.00,11727.00,15381319136,1311602,521,D,12299.00,11685.00
Ghiam.AGRI&Husb,20190415,12146.00,12750.00,12146.00,12299.00,47315635497,3847187,1542,D,12785.00,12146.00
Ghiam.AGRI&Husb,20190414,12785.00,12785.00,12785.00,12785.00,11930041480,933128,443,D,13457.00,12785.00
Ghiam.AGRI&Husb,20190413,13600.00,13889.00,12700.00,13457.00,48048856621,3570441,1879,D,13228.00,12811.00
Ghiam.AGRI&Husb,20190410,13200.00,13288.00,12656.00,13228.00,13000129232,982800,497,D,12656.00,13288.00
Ghiam.AGRI&Husb,20190409,12703.00,12999.00,12150.00,12656.00,36452750085,2880340,1163,D,12099.00,12790.00
Ghiam.AGRI&Husb,20190406,12100.00,12100.00,11700.00,12099.00,514559300,42529,22,D,11541.00,11700.00
Ghiam.AGRI&Husb,20190331,11639.00,11639.00,10742.00,11541.00,38639194632,3347891,1334,D,11085.00,11639.00
Ghiam.AGRI&Husb,20190330,11130.00,11144.00,10900.00,11085.00,12940231648,1167396,371,D,10614.00,11144.00
Ghiam.AGRI&Husb,20190327,10742.00,10742.00,10236.00,10614.00,31411813305,2959474,1112,D,10231.00,10742.00
Ghiam.AGRI&Husb,20190326,10231.00,10231.00,10231.00,10231.00,4627450607,452297,114,D,9744.00,10231.00
Ghiam.AGRI&Husb,20190325,9743.00,9744.00,9502.00,9744.00,7605873488,780592,304,D,9280.00,9744.00
Ghiam.AGRI&Husb,20190319,9075.00,9284.00,9075.00,9280.00,10183277686,1097292,444,D,8842.00,9284.00
Ghiam.AGRI&Husb,20190318,8690.00,8894.00,8690.00,8842.00,10913653403,1234241,497,D,8471.00,8894.00
Ghiam.AGRI&Husb,20190317,8300.00,8670.00,8300.00,8471.00,15978287950,1886149,773,D,8258.00,8669.00
Ghiam.AGRI&Husb,20190316,8211.00,8400.00,8205.00,8258.00,33130740999,4011725,1509,D,8636.00,8300.00
Ghiam.AGRI&Husb,20190313,9150.00,9150.00,8435.00,8636.00,25545158248,2957982,1363,D,8878.00,8435.00
Ghiam.AGRI&Husb,20190312,8840.00,8913.00,8700.00,8878.00,19364639630,2181297,770,D,8489.00,8913.00
Ghiam.AGRI&Husb,20190311,8189.00,8523.00,8100.00,8489.00,20734305764,2442587,801,D,8118.00,8523.00
Ghiam.AGRI&Husb,20190310,8199.00,8299.00,7830.00,8118.00,14057047783,1731511,818,D,7956.00,8084.00
Ghiam.AGRI&Husb,20190309,7900.00,8167.00,7482.00,7956.00,39065381008,4910392,1657,D,7779.00,8130.00
Ghiam.AGRI&Husb,20190306,7779.00,7779.00,7779.00,7779.00,1881708984,241896,35,D,7409.00,7779.00
Ghiam.AGRI&Husb,20190304,7411.00,7411.00,7359.00,7409.00,7110786346,959716,275,D,7059.00,7411.00
Ghiam.AGRI&Husb,20190303,7000.00,7302.00,6655.00,7059.00,30273207589,4288387,1386,D,6955.00,7302.00
Ghiam.AGRI&Husb,20190302,7009.00,7188.00,6666.00,6955.00,28935195342,4160449,1469,D,6855.00,6800.00
Ghiam.AGRI&Husb,20190227,6710.00,6981.00,6512.00,6855.00,19619842743,2862140,1115,D,6649.00,6833.00
Ghiam.AGRI&Husb,20190226,6680.00,6756.00,6200.00,6649.00,31417627046,4725435,1349,D,6435.00,6658.00
Ghiam.AGRI&Husb,20190225,6429.00,6437.00,6350.00,6435.00,11279074771,1752892,370,D,6131.00,6437.00
Ghiam.AGRI&Husb,20190224,5911.00,6347.00,5752.00,6131.00,18581444424,3030909,999,D,6045.00,6340.00
Ghiam.AGRI&Husb,20190223,6339.00,6339.00,5928.00,6045.00,38417177319,6355081,1900,D,6239.00,5950.00
Ghiam.AGRI&Husb,20190220,6239.00,6239.00,6239.00,6239.00,10127718788,1623292,215,D,5942.00,6239.00
Ghiam.AGRI&Husb,20190219,5897.00,5948.00,5897.00,5942.00,10484712256,1764509,279,D,5665.00,5948.00
Ghiam.AGRI&Husb,20190218,5550.00,5689.00,5475.00,5665.00,25238779938,4454880,852,D,5419.00,5689.00
Ghiam.AGRI&Husb,20190217,5428.00,5428.00,5229.00,5419.00,38948468371,7187417,1486,D,5170.00,5428.00
Ghiam.AGRI&Husb,20190216,5091.00,5181.00,5090.00,5170.00,22655574431,4382147,523,D,4935.00,5181.00
Ghiam.AGRI&Husb,20190213,4805.00,5067.00,4805.00,4935.00,3660276292,741687,311,D,4891.00,5048.00
Ghiam.AGRI&Husb,20190212,4990.00,4995.00,4765.00,4891.00,2836405581,579951,161,D,4926.00,4900.00
Ghiam.AGRI&Husb,20190210,5030.00,5030.00,4885.00,4926.00,3164355975,642433,153,D,5011.00,4960.00
Ghiam.AGRI&Husb,20190206,5010.00,5099.00,4951.00,5011.00,2181158330,435289,152,D,4958.00,4951.00
Ghiam.AGRI&Husb,20190205,4860.00,5089.00,4860.00,4958.00,3663121586,738788,234,D,4860.00,5032.00
Ghiam.AGRI&Husb,20190204,4763.00,4949.00,4763.00,4860.00,2642680546,543780,146,D,4791.00,4870.00
Ghiam.AGRI&Husb,20190203,4800.00,4817.00,4750.00,4791.00,1819359669,379740,174,D,4838.00,4812.00
Ghiam.AGRI&Husb,20190202,4851.00,5000.00,4740.00,4838.00,3821263493,789807,245,D,4899.00,4810.00
Ghiam.AGRI&Husb,20190130,5120.00,5120.00,4860.00,4899.00,10893789718,2223513,418,D,5115.00,4864.00
Ghiam.AGRI&Husb,20190129,5200.00,5200.00,5051.00,5115.00,2133242331,417048,146,D,5100.00,5129.00
Ghiam.AGRI&Husb,20190128,5150.00,5200.00,5050.00,5100.00,3143181037,616285,245,D,5292.00,5130.00
Ghiam.AGRI&Husb,20190127,5673.00,5673.00,5235.00,5292.00,10613532797,2005714,462,D,5510.00,5235.00
Ghiam.AGRI&Husb,20190126,5530.00,5567.00,5313.00,5510.00,17477948565,3172233,610,D,5302.00,5567.00
Ghiam.AGRI&Husb,20190123,5102.00,5350.00,5102.00,5302.00,6707814976,1265048,430,D,5096.00,5350.00
Ghiam.AGRI&Husb,20190122,5050.00,5236.00,4910.00,5096.00,5768981281,1132106,276,D,4987.00,5186.00
Ghiam.AGRI&Husb,20190121,5100.00,5100.00,4985.00,4987.00,7551510836,1514252,275,D,5247.00,4985.00
Ghiam.AGRI&Husb,20190120,5384.00,5401.00,5027.00,5247.00,13893161768,2648059,680,D,5144.00,5100.00
Ghiam.AGRI&Husb,20190119,5147.00,5147.00,5050.00,5144.00,9668436535,1879657,445,D,4902.00,5147.00
Ghiam.AGRI&Husb,20190116,4987.00,4987.00,4866.00,4902.00,6298902118,1284990,259,D,4815.00,4908.00
Ghiam.AGRI&Husb,20190115,4810.00,4959.00,4681.00,4815.00,10679590716,2218010,498,D,4921.00,4900.00
Ghiam.AGRI&Husb,20190114,4990.00,5069.00,4800.00,4921.00,6250806985,1270267,348,D,5021.00,4822.00
Ghiam.AGRI&Husb,20190113,5091.00,5091.00,4874.00,5021.00,16812043317,3348506,775,D,4849.00,5019.00
Ghiam.AGRI&Husb,20190112,4851.00,4851.00,4771.00,4849.00,29124861852,6006512,738,D,4620.00,4851.00
Ghiam.AGRI&Husb,20190109,4449.00,4659.00,4400.00,4620.00,11498428974,2489049,604,D,4438.00,4659.00
Ghiam.AGRI&Husb,20190108,4490.00,4520.00,4407.00,4438.00,2947320153,664112,267,D,4529.00,4438.00
Ghiam.AGRI&Husb,20190107,4510.00,4590.00,4430.00,4529.00,5759303164,1271672,357,D,4506.00,4502.00
Ghiam.AGRI&Husb,20190106,4480.00,4600.00,4398.00,4506.00,6117043236,1357551,521,D,4503.00,4430.00
Ghiam.AGRI&Husb,20190105,4350.00,4545.00,4310.00,4503.00,7475345355,1660136,458,D,4474.00,4509.00
Ghiam.AGRI&Husb,20190102,4431.00,4530.00,4354.00,4474.00,11945131269,2669659,616,D,4352.00,4439.00
Ghiam.AGRI&Husb,20190101,4142.00,4403.00,4142.00,4352.00,6171433672,1417929,332,D,4194.00,4400.00
Ghiam.AGRI&Husb,20181231,4299.00,4314.00,4143.00,4194.00,2923803528,697113,219,D,4322.00,4226.00
Ghiam.AGRI&Husb,20181230,4300.00,4390.00,4241.00,4322.00,2416665652,559129,145,D,4295.00,4250.00
Ghiam.AGRI&Husb,20181229,4248.00,4349.00,4226.00,4295.00,4236486364,986379,308,D,4193.00,4300.00
Ghiam.AGRI&Husb,20181226,4000.00,4207.00,4000.00,4193.00,7189322994,1714447,388,D,4007.00,4207.00
Ghiam.AGRI&Husb,20181225,4125.00,4125.00,3982.00,4007.00,1204236129,300532,142,D,4085.00,4040.00
Ghiam.AGRI&Husb,20181224,4178.00,4178.00,4041.00,4085.00,1059285853,259336,160,D,4071.00,4072.00
Ghiam.AGRI&Husb,20181223,4070.00,4187.00,3992.00,4071.00,1769484134,434603,206,D,3996.00,4100.00
Ghiam.AGRI&Husb,20181222,3900.00,4078.00,3900.00,3996.00,2888741369,722995,248,D,4007.00,3999.00
Ghiam.AGRI&Husb,20181219,3932.00,4111.00,3932.00,4007.00,3819367671,953079,287,D,3932.00,3989.00
Ghiam.AGRI&Husb,20181218,3860.00,3996.00,3856.00,3932.00,1214323007,308817,179,D,3914.00,3950.00
Ghiam.AGRI&Husb,20181217,3900.00,3990.00,3850.00,3914.00,3911897092,999336,289,D,4017.00,3920.00
Ghiam.AGRI&Husb,20181216,4106.00,4179.00,3980.00,4017.00,10588041357,2635583,435,D,4189.00,3980.00
Ghiam.AGRI&Husb,20181215,4195.00,4238.00,4150.00,4189.00,1863547297,444827,234,D,4270.00,4180.00
Ghiam.AGRI&Husb,20181212,4103.00,4308.00,4103.00,4270.00,962831111,225497,119,D,4318.00,4289.00
Ghiam.AGRI&Husb,20181210,4300.00,4450.00,4260.00,4318.00,2277109872,527403,211,D,4377.00,4299.00
Ghiam.AGRI&Husb,20181209,4474.00,4500.00,4251.00,4377.00,1603958917,366412,198,D,4419.00,4400.00
Ghiam.AGRI&Husb,20181208,4296.00,4550.00,4215.00,4419.00,6294631285,1424500,516,D,4336.00,4488.00
Ghiam.AGRI&Husb,20181205,4301.00,4402.00,4275.00,4336.00,1810869009,417646,177,D,4315.00,4322.00
Ghiam.AGRI&Husb,20181204,4402.00,4402.00,4260.00,4315.00,1691759123,392089,174,D,4428.00,4380.00
Ghiam.AGRI&Husb,20181203,4457.00,4457.00,4345.00,4428.00,2699372338,609681,267,D,4245.00,4386.00
Ghiam.AGRI&Husb,20181202,4099.00,4350.00,4099.00,4245.00,2920254509,687984,172,D,4234.00,4320.00
Ghiam.AGRI&Husb,20181201,4300.00,4350.00,4216.00,4234.00,3458055583,816676,275,D,4437.00,4240.00
Ghiam.AGRI&Husb,20181128,4511.00,4511.00,4360.00,4437.00,2019082116,455013,273,D,4582.00,4380.00
Ghiam.AGRI&Husb,20181127,4539.00,4665.00,4500.00,4582.00,2698657811,588950,319,D,4485.00,4568.00
Ghiam.AGRI&Husb,20181126,4339.00,4584.00,4311.00,4485.00,4278847816,954036,477,D,4378.00,4548.00
Ghiam.AGRI&Husb,20181124,4398.00,4500.00,4286.00,4378.00,1587917140,362724,245,D,4509.00,4400.00
Ghiam.AGRI&Husb,20181121,4360.00,4581.00,4360.00,4509.00,3529192002,782613,394,D,4364.00,4500.00
Ghiam.AGRI&Husb,20181120,4311.00,4500.00,4292.00,4364.00,7475933703,1713121,536,D,4517.00,4391.00
Ghiam.AGRI&Husb,20181119,4610.00,4654.00,4426.00,4517.00,6952801901,1539329,503,D,4658.00,4426.00
Ghiam.AGRI&Husb,20181118,4790.00,4895.00,4644.00,4658.00,6675197367,1433117,395,D,4888.00,4697.00
Ghiam.AGRI&Husb,20181117,4860.00,5095.00,4731.00,4888.00,5970699873,1221408,581,D,4857.00,4850.00
Ghiam.AGRI&Husb,20181114,4900.00,4969.00,4626.00,4857.00,10159995653,2091619,655,D,4733.00,4872.00
Ghiam.AGRI&Husb,20181113,4736.00,4736.00,4520.00,4733.00,12220690340,2582098,519,D,4511.00,4736.00
Ghiam.AGRI&Husb,20181112,4400.00,4551.00,4350.00,4511.00,6471193490,1434382,439,D,4335.00,4551.00
Ghiam.AGRI&Husb,20181111,4440.00,4440.00,4261.00,4335.00,2577409615,594524,196,D,4345.00,4333.00
Ghiam.AGRI&Husb,20181110,4240.00,4448.00,4240.00,4345.00,3286984611,756467,259,D,4275.00,4330.00
Ghiam.AGRI&Husb,20181106,4400.00,4400.00,4230.00,4275.00,2218747530,519052,537,D,4329.00,4255.00
Ghiam.AGRI&Husb,20181105,4225.00,4390.00,4224.00,4329.00,1651310336,381446,352,D,4238.00,4359.00
Ghiam.AGRI&Husb,20181104,4104.00,4310.00,4104.00,4238.00,3601459903,849842,438,D,4122.00,4280.00
Ghiam.AGRI&Husb,20181103,4050.00,4164.00,4025.00,4122.00,3938796983,955452,364,D,4025.00,4160.00
Ghiam.AGRI&Husb,20181031,4120.00,4147.00,3999.00,4025.00,5684090767,1412119,313,D,4100.00,4030.00
Ghiam.AGRI&Husb,20181029,4021.00,4170.00,4021.00,4100.00,2246785972,547953,241,D,4096.00,4100.00
Ghiam.AGRI&Husb,20181028,3980.00,4149.00,3980.00,4096.00,1741788548,425240,213,D,3979.00,4148.00
Ghiam.AGRI&Husb,20181027,4101.00,4150.00,3920.00,3979.00,1872468294,470554,268,D,4122.00,3923.00
Ghiam.AGRI&Husb,20181024,4100.00,4229.00,4000.00,4122.00,4725541031,1146314,374,D,4053.00,4100.00
Ghiam.AGRI&Husb,20181023,4195.00,4200.00,3922.00,4053.00,5680108341,1401486,444,D,4098.00,4000.00
Ghiam.AGRI&Husb,20181022,4025.00,4174.00,4010.00,4098.00,3671915569,895935,382,D,4034.00,4132.00
Ghiam.AGRI&Husb,20181021,4030.00,4120.00,3900.00,4034.00,6369179345,1578993,616,D,4007.00,4033.00
Ghiam.AGRI&Husb,20181020,3901.00,4040.00,3901.00,4007.00,3302516861,824278,417,D,3854.00,4011.00
Ghiam.AGRI&Husb,20181017,3711.00,3970.00,3711.00,3854.00,4893937994,1269691,642,D,3836.00,3911.00
Ghiam.AGRI&Husb,20181016,3901.00,3934.00,3750.00,3836.00,5474420212,1427195,635,D,3846.00,3900.00
Ghiam.AGRI&Husb,20181015,3870.00,3873.00,3751.00,3846.00,5353708518,1392082,842,D,3689.00,3831.00
Ghiam.AGRI&Husb,20181014,3461.00,3712.00,3461.00,3689.00,6331805875,1716253,585,D,3536.00,3712.00
Ghiam.AGRI&Husb,20181013,3610.00,3694.00,3514.00,3536.00,7716655916,2182123,857,D,3698.00,3600.00
Ghiam.AGRI&Husb,20181010,3760.00,3816.00,3601.00,3698.00,5881585588,1590674,636,D,3750.00,3695.00
Ghiam.AGRI&Husb,20181009,3799.00,3833.00,3667.00,3750.00,7558542769,2015351,731,D,3654.00,3700.00
Ghiam.AGRI&Husb,20181008,3540.00,3699.00,3540.00,3654.00,8912106358,2438737,1124,D,3523.00,3699.00
Ghiam.AGRI&Husb,20181007,3361.00,3645.00,3303.00,3523.00,12964919658,3680373,1317,D,3472.00,3500.00
Ghiam.AGRI&Husb,20181006,3423.00,3698.00,3360.00,3472.00,10621168171,3058764,1071,D,3536.00,3540.00
Ghiam.AGRI&Husb,20181003,3519.00,3740.00,3519.00,3536.00,8205142016,2320709,902,D,3704.00,3586.00
Ghiam.AGRI&Husb,20181002,3704.00,3704.00,3704.00,3704.00,1893914464,511316,192,D,3898.00,3704.00
Ghiam.AGRI&Husb,20181001,4150.00,4197.00,3866.00,3898.00,8545237106,2192120,924,D,4069.00,3866.00
Ghiam.AGRI&Husb,20180930,4085.00,4085.00,3999.00,4069.00,11156549728,2741998,866,D,3891.00,4085.00
Ghiam.AGRI&Husb,20180929,3790.00,3949.00,3770.00,3891.00,10834916099,2784732,886,D,3761.00,3949.00
Ghiam.AGRI&Husb,20180926,3814.00,3824.00,3690.00,3761.00,12271482456,3262674,1190,D,3788.00,3760.00
Ghiam.AGRI&Husb,20180925,3800.00,3841.00,3717.00,3788.00,8031657152,2120241,809,D,3659.00,3723.00
Ghiam.AGRI&Husb,20180924,3600.00,3743.00,3402.00,3659.00,14266978083,3899655,1351,D,3565.00,3743.00
Ghiam.AGRI&Husb,20180923,3452.00,3624.00,3420.00,3565.00,10109627731,2835827,1032,D,3452.00,3599.00
Ghiam.AGRI&Husb,20180922,3488.00,3488.00,3410.00,3452.00,8310815403,2407368,1250,D,3322.00,3418.00
Ghiam.AGRI&Husb,20180918,3300.00,3370.00,3230.00,3322.00,7973360794,2400240,1059,D,3215.00,3364.00
Ghiam.AGRI&Husb,20180917,3250.00,3269.00,3181.00,3215.00,7411497239,2305361,1009,D,3202.00,3230.00
Ghiam.AGRI&Husb,20180916,3202.00,3290.00,3171.00,3202.00,8521362858,2661230,1084,D,3337.00,3200.00
Ghiam.AGRI&Husb,20180915,3400.00,3449.00,3220.00,3337.00,15203877276,4555516,1754,D,3337.00,3236.00
Ghiam.AGRI&Husb,20180912,3280.00,3429.00,3187.00,3337.00,19228646866,5762838,2115,D,3281.00,3337.00
Ghiam.AGRI&Husb,20180911,3230.00,3380.00,3164.00,3281.00,12757867967,3887914,2250,D,3281.00,3200.00
Ghiam.AGRI&Husb,20180910,3490.00,3490.00,3208.00,3281.00,15754887686,4802235,1879,D,3376.00,3232.00
Ghiam.AGRI&Husb,20180909,3383.00,3383.00,3260.00,3376.00,8962042432,2654277,779,D,3222.00,3383.00
Ghiam.AGRI&Husb,20180908,3190.00,3223.00,3149.00,3222.00,22849309336,7090635,1802,D,3070.00,3223.00
Ghiam.AGRI&Husb,20180905,2930.00,3103.00,2902.00,3070.00,12988821640,4230549,1754,D,2956.00,3103.00
Ghiam.AGRI&Husb,20180904,2989.00,2989.00,2873.00,2956.00,4389092957,1485058,726,D,2965.00,2976.00
Ghiam.AGRI&Husb,20180903,2892.00,3000.00,2859.00,2965.00,5631526735,1899200,986,D,2861.00,2970.00
Ghiam.AGRI&Husb,20180902,2850.00,2921.00,2830.00,2861.00,3499103839,1222839,655,D,2842.00,2890.00
Ghiam.AGRI&Husb,20180901,2860.00,2895.00,2822.00,2842.00,2817222261,991237,591,D,2858.00,2853.00
Ghiam.AGRI&Husb,20180829,2860.00,2890.00,2845.00,2858.00,5341569655,1869296,825,D,2907.00,2854.00
Ghiam.AGRI&Husb,20180828,2911.00,2958.00,2860.00,2907.00,4277601221,1471345,661,D,2945.00,2900.00
Ghiam.AGRI&Husb,20180827,2999.00,3000.00,2900.00,2945.00,5470120588,1857137,891,D,2958.00,2955.00
Ghiam.AGRI&Husb,20180826,2985.00,2985.00,2920.00,2958.00,8507575389,2876150,1299,D,2898.00,2972.00
Ghiam.AGRI&Husb,20180825,2891.00,2954.00,2822.00,2898.00,8463222064,2920645,1385,D,2917.00,2910.00
Ghiam.AGRI&Husb,20180821,3033.00,3090.00,2882.00,2917.00,7472623325,2561728,1129,D,3007.00,2933.00
Ghiam.AGRI&Husb,20180820,3098.00,3098.00,2931.00,3007.00,5499075452,1828831,925,D,3034.00,2967.00
Ghiam.AGRI&Husb,20180819,3030.00,3095.00,2910.00,3034.00,13521794949,4456442,2170,D,2952.00,3036.00
Ghiam.AGRI&Husb,20180818,2791.00,2957.00,2791.00,2952.00,26373742853,8934395,3037,D,2817.00,2957.00
Ghiam.AGRI&Husb,20180815,2800.00,2854.00,2758.00,2817.00,7581821039,2691817,1611,D,2769.00,2794.00
Ghiam.AGRI&Husb,20180814,2611.00,2800.00,2611.00,2769.00,7985722452,2884370,1487,D,2684.00,2759.00
Ghiam.AGRI&Husb,20180813,2729.00,2759.00,2655.00,2684.00,7505385056,2796530,1357,D,2794.00,2675.00
Ghiam.AGRI&Husb,20180812,2874.00,2874.00,2700.00,2794.00,13762378745,4925719,2570,D,2738.00,2759.00
Ghiam.AGRI&Husb,20180811,2738.00,2738.00,2708.00,2738.00,4283081815,1564495,836,D,2608.00,2738.00
Ghiam.AGRI&Husb,20180808,2507.00,2637.00,2507.00,2608.00,9956058564,3817602,2303,D,2512.00,2637.00
Ghiam.AGRI&Husb,20180807,2525.00,2650.00,2494.00,2512.00,13652376604,5435459,3014,D,2625.00,2522.00
Ghiam.AGRI&Husb,20180806,2670.00,2759.00,2591.00,2625.00,10267127148,3911468,2478,D,2727.00,2591.00
Ghiam.AGRI&Husb,20180805,2701.00,2799.00,2660.00,2727.00,9365620909,3434372,2851,D,2720.00,2680.00
Ghiam.AGRI&Husb,20180804,2800.00,2800.00,2717.00,2720.00,10269659860,3775037,3497,D,2859.00,2718.00
Ghiam.AGRI&Husb,20180801,3049.00,3049.00,2794.00,2859.00,13636150204,4769966,4197,D,2941.00,2795.00
Ghiam.AGRI&Husb,20180731,2806.00,3070.00,2806.00,2941.00,28407599702,9660564,11024,D,2953.00,3005.00
Ghiam.AGRI&Husb,20180730,3021.00,3050.00,2937.00,2953.00,8042646836,2723348,2277,D,3091.00,2937.00
Ghiam.AGRI&Husb,20180729,3146.00,3146.00,3010.00,3091.00,33003434822,10677050,17325,D,2997.00,3060.00
Ghiam.AGRI&Husb,20180728,2971.00,3110.00,2851.00,2997.00,54756690784,18273534,34864,D,2411.00,3030.00
Ghiam.AGRI&Husb,20180718,2611.00,2611.00,2611.00,2611.00,23696378545,9075595,31016,D,2487.00,2611.00
Ghiam.AGRI&Husb,20180717,2487.00,2487.00,2487.00,2487.00,1377810435,554005,1982,D,2369.00,2487.00
Ghiam.AGRI&Husb,20180716,2369.00,2369.00,2369.00,2369.00,82915000000,35000000,117165,D,1000.00,2369.00
